name,datetime,temp,feelslike,dew,humidity,precip,precipprob,preciptype,snow,snowdepth,windgust,windspeed,winddir,sealevelpressure,cloudcover,visibility,solarradiation,solarenergy,uvindex,severerisk,conditions,icon,stations
"11.0511, 106.7568",2022-07-17T00:00:00,28,33.4,26,88.91,0.6,100,rain,0,0,16.2,7.6,260,1010,50,10,0,,0,10,"Rain, Partially cloudy",rain,VVTS
"11.0511, 106.7568",2022-07-17T01:00:00,27,31,26,94.27,0.4,100,rain,0,0,17.3,3.6,320,1009,50,10,0,,0,10,"Rain, Partially cloudy",rain,VVTS
"11.0511, 106.7568",2022-07-17T02:00:00,27,31,26,94.27,0,0,,0,0,22,5.4,10,1009,50,10,0,,0,10,Partially cloudy,partly-cloudy-night,VVTS
"11.0511, 106.7568",2022-07-17T03:00:00,27,30.5,25,88.83,0.3,100,rain,0,0,26.6,9.4,30,1008,50,10,0,,0,10,"Rain, Partially cloudy",rain,VVTS
"11.0511, 106.7568",2022-07-17T04:00:00,26,26,25,94.23,0,0,,0,0,27,7.6,40,1008,50,10,0,,0,10,Partially cloudy,partly-cloudy-night,VVTS
"11.0511, 106.7568",2022-07-17T05:00:00,26,26,25,94.23,0,0,,0,0,26.3,3.6,80,1008,50,8,0,,0,10,Partially cloudy,partly-cloudy-night,VVTS
"11.0511, 106.7568",2022-07-17T06:00:00,26,26,25,94.23,0,0,,0,0,24.1,5.4,20.8,1009,50,8,10,0,0,3,Partially cloudy,partly-cloudy-day,VVTS
"11.0511, 106.7568",2022-07-17T07:00:00,28,32.6,25,83.78,0,0,,0,0,13,10.1,58.1,1009,25,10,152,0.5,2,3,Partially cloudy,partly-cloudy-day,VVTS
"11.0511, 106.7568",2022-07-17T08:00:00,30,36.1,25,74.62,0,0,,0,0,8.6,1.8,96.6,1009,50,10,339,1.2,3,10,Partially cloudy,partly-cloudy-day,VVTS
"11.0511, 106.7568",2022-07-17T09:00:00,30,36.1,25,74.62,0,0,,0,0,7.6,3.6,130.5,1010,88,8,582,2.1,6,30,Partially cloudy,partly-cloudy-day,VVTS
"11.0511, 106.7568",2022-07-17T10:00:00,31,37.6,25,70.47,0,0,,0,0,7.6,7.6,180.3,1010,88,10,778,2.8,8,30,Partially cloudy,partly-cloudy-day,VVTS
"11.0511, 106.7568",2022-07-17T11:00:00,32,36.7,23,59.03,0,0,,0,0,9,11.2,260,1009,88,10,911,3.3,9,30,Partially cloudy,partly-cloudy-day,VVTS
"11.0511, 106.7568",2022-07-17T12:00:00,31,36.4,24,66.37,0,0,,0,0,9,9.4,270,1009,88,10,956,3.4,10,30,Partially cloudy,partly-cloudy-day,VVTS
"11.0511, 106.7568",2022-07-17T13:00:00,31,36.4,24,66.37,0.1,100,rain,0,0,8.3,7.9,238.8,1008,50,10,675,2.4,7,30,"Rain, Partially cloudy",rain,VVTS
"11.0511, 106.7568",2022-07-17T14:00:00,32.7,36.7,22.2,54.05,0.4,100,rain,0,0,5.4,4,286.8,1006,100,24.1,237,0.9,2,30,"Rain, Overcast",rain,remote
"11.0511, 106.7568",2022-07-17T15:00:00,31.6,36.6,23.4,61.87,0.3,57.1,rain,0,0,10.8,9.7,357.5,1006,100,15,138,0.5,1,30,"Rain, Overcast",rain,
"11.0511, 106.7568",2022-07-17T16:00:00,29.5,34.1,23.9,71.9,0.9,57.1,rain,0,0,17.3,12.6,17.4,1006,100,24.1,84,0.3,1,30,"Rain, Overcast",rain,
"11.0511, 106.7568",2022-07-17T17:00:00,29.2,34.1,24.3,74.94,0.2,57.1,rain,0,0,16.6,10.4,51.5,1006,100,24.1,65,0.2,1,60,"Rain, Overcast",rain,
"11.0511, 106.7568",2022-07-17T18:00:00,28.4,32.6,24.2,78.03,0.5,57.1,rain,0,0,18.4,10.1,75.4,1007,100,7.5,45,0.2,0,30,"Rain, Overcast",rain,
"11.0511, 106.7568",2022-07-17T19:00:00,27.8,31.3,23.7,78.41,1.1,57.1,rain,0,0,15.5,9.4,119.7,1008,100,24.1,0,,0,30,"Rain, Overcast",rain,
"11.0511, 106.7568",2022-07-17T20:00:00,27,29.9,23.9,83.17,1.1,76.2,rain,0,0,19.1,11.5,153.1,1009,100,5,0,,0,10,"Rain, Overcast",rain,
"11.0511, 106.7568",2022-07-17T21:00:00,25.9,25.9,24,89.28,2.9,76.2,rain,0,0,26.3,15.8,178.9,1010,99.5,4,0,,0,10,"Rain, Overcast",rain,
"11.0511, 106.7568",2022-07-17T22:00:00,25,25,24.1,94.76,5.8,76.2,rain,0,0,29.5,18.7,184.4,1011,100,9.6,0,,0,10,"Rain, Overcast",rain,
"11.0511, 106.7568",2022-07-17T23:00:00,24.8,24.8,23.8,94.18,3.6,76.2,rain,0,0,29.2,18,192.3,1011,100,16.2,0,,0,10,"Rain, Overcast",rain,
"11.0511, 106.7568",2022-07-18T00:00:00,24.7,24.7,23.8,94.74,1.5,76.2,rain,0,0,26.3,16.2,193.8,1010,100,20.4,0,,0,10,"Rain, Overcast",rain,
"11.0511, 106.7568",2022-07-18T01:00:00,24.8,24.8,23.5,92.49,0.2,76.2,rain,0,0,29.2,14.4,197.8,1009,100,24.1,0,,0,10,"Rain, Overcast",rain,
"11.0511, 106.7568",2022-07-18T02:00:00,25,25,23.7,92.5,0.2,42.9,rain,0,0,25.9,12.2,197.7,1009,98.9,24.1,0,,0,10,Overcast,cloudy,
"11.0511, 106.7568",2022-07-18T03:00:00,25.1,25.1,23.9,93.07,0,42.9,,0,0,24.1,10.8,191.6,1009,100,24.1,0,,0,10,Overcast,cloudy,
"11.0511, 106.7568",2022-07-18T04:00:00,25.2,25.2,24,93.07,0,42.9,,0,0,20.9,9,189.3,1009,100,24.1,0,,0,10,Overcast,cloudy,
"11.0511, 106.7568",2022-07-18T05:00:00,25.2,25.2,23.9,92.52,0,42.9,,0,0,16.2,7.2,163.9,1009,91.8,24.1,0,,0,10,Overcast,cloudy,
"11.0511, 106.7568",2022-07-18T06:00:00,25.6,25.6,24,90.89,0,42.9,,0,0,15.8,6.8,135.2,1010,97.5,24.1,3,0,0,10,Overcast,cloudy,
"11.0511, 106.7568",2022-07-18T07:00:00,25.9,25.9,24,89.28,0,42.9,,0,0,17.3,7.9,120.8,1010,100,24.1,28,0.1,0,10,Overcast,cloudy,
"11.0511, 106.7568",2022-07-18T08:00:00,27,29.9,23.8,82.67,0,66.7,rain,0,0,17.3,10.4,128,1011,100,24.1,138,0.5,1,10,"Rain, Overcast",rain,
"11.0511, 106.7568",2022-07-18T09:00:00,29.3,33.6,23.6,71.44,0,66.7,rain,0,0,15.5,12.2,143.7,1011,100,24.1,543,2,5,30,"Rain, Overcast",rain,
"11.0511, 106.7568",2022-07-18T10:00:00,30.6,35.3,23.5,65.89,0,66.7,rain,0,0,14.4,12.6,158.1,1011,100,24.1,737,2.7,7,30,"Rain, Overcast",rain,
"11.0511, 106.7568",2022-07-18T11:00:00,31.8,36.7,23.3,60.8,0.1,66.7,rain,0,0,13.7,12.2,174.1,1010,100,24.1,813,2.9,8,30,"Rain, Overcast",rain,
"11.0511, 106.7568",2022-07-18T12:00:00,32.3,37,22.9,57.69,0.4,66.7,rain,0,0,14.8,14,198.5,1009,100,15.8,790,2.8,8,30,"Rain, Overcast",rain,
"11.0511, 106.7568",2022-07-18T13:00:00,31.8,36.1,22.7,58.63,0.4,66.7,rain,0,0,15.1,14.8,212.2,1008,100,24.1,482,1.7,5,10,"Rain, Overcast",rain,
"11.0511, 106.7568",2022-07-18T14:00:00,31.8,35.9,22.5,57.92,0.1,90.5,rain,0,0,14.8,13.7,218.4,1008,100,24.1,453,1.6,5,10,"Rain, Overcast",rain,
"11.0511, 106.7568",2022-07-18T15:00:00,32.2,36.3,22.4,56.28,0.1,90.5,rain,0,0,13.7,12.2,206.1,1007,100,24.1,510,1.8,5,10,"Rain, Overcast",rain,
"11.0511, 106.7568",2022-07-18T16:00:00,30.9,35.3,23.1,63.23,0.7,90.5,rain,0,0,16.6,16.6,184.7,1007,100,4.8,358,1.3,4,30,"Rain, Overcast",rain,
"11.0511, 106.7568",2022-07-18T17:00:00,28.4,32.4,23.9,76.63,2.2,90.5,rain,0,0,23.4,15.8,173.7,1008,100,5.8,183,0.7,2,30,"Rain, Overcast",rain,
"11.0511, 106.7568",2022-07-18T18:00:00,27.2,30.2,23.7,81.22,2,90.5,rain,0,0,25.6,13.7,176.5,1009,100,5.5,50,0.2,1,10,"Rain, Overcast",rain,
"11.0511, 106.7568",2022-07-18T19:00:00,26.8,29.5,23.9,84.15,1.6,90.5,rain,0,0,27,14,182.1,1010,100,22.8,0,,0,10,"Rain, Overcast",rain,
"11.0511, 106.7568",2022-07-18T20:00:00,26.5,26.5,23.9,85.65,1.7,71.4,rain,0,0,25.6,13.3,188.5,1010,100,4.8,0,,0,10,"Rain, Overcast",rain,
"11.0511, 106.7568",2022-07-18T21:00:00,26.1,26.1,23.8,87.18,1.6,71.4,rain,0,0,24.1,13,196.8,1011,100,24.1,0,,0,10,"Rain, Overcast",rain,
"11.0511, 106.7568",2022-07-18T22:00:00,25.7,25.7,24.1,90.89,0.5,71.4,rain,0,0,18.7,8.6,195.1,1012,100,24.1,0,,0,10,"Rain, Overcast",rain,
"11.0511, 106.7568",2022-07-18T23:00:00,25.8,25.8,24,89.81,0.7,71.4,rain,0,0,12.2,5.8,191.9,1011,100,7.1,0,,0,10,"Rain, Overcast",rain,
"11.0511, 106.7568",2022-07-19T00:00:00,25.9,25.9,23.6,87.16,1.5,71.4,rain,0,0,9,5.8,176.7,1011,100,6.6,0,,0,10,"Rain, Overcast",rain,
"11.0511, 106.7568",2022-07-19T01:00:00,25.9,25.9,23.5,86.63,1.3,71.4,rain,0,0,6.8,5.8,154.6,1010,100,17.1,0,,0,10,"Rain, Overcast",rain,
"11.0511, 106.7568",2022-07-19T02:00:00,25.7,25.7,23.5,87.67,0.1,33.3,rain,0,0,8.6,7.2,122.5,1010,97,24.1,0,,0,10,Overcast,cloudy,
"11.0511, 106.7568",2022-07-19T03:00:00,25.2,25.2,23.7,91.41,0,33.3,,0,0,11.5,8.3,102.9,1010,96.2,24.1,0,,0,10,Overcast,cloudy,
"11.0511, 106.7568",2022-07-19T04:00:00,24.6,24.6,23.6,94.17,0,33.3,,0,0,13,8.3,97,1010,98.7,24.1,0,,0,10,Overcast,cloudy,
"11.0511, 106.7568",2022-07-19T05:00:00,24.4,24.4,23.6,95.31,0,33.3,,0,0,11.5,6.8,99.6,1010,84.1,24.1,0,,0,10,Partially cloudy,partly-cloudy-night,
"11.0511, 106.7568",2022-07-19T06:00:00,24.6,24.6,23.6,94.17,0,33.3,,0,0,9.7,6.1,96.3,1011,84.1,24.1,9,0,0,10,Partially cloudy,partly-cloudy-day,
"11.0511, 106.7568",2022-07-19T07:00:00,25.8,25.8,23.6,87.68,0,33.3,,0,0,8.6,6.8,110.4,1011,88.5,24.1,126,0.5,1,10,Partially cloudy,partly-cloudy-day,
"11.0511, 106.7568",2022-07-19T08:00:00,27.2,30.2,23.6,80.73,0,38.1,,0,0,5.8,6.5,120.5,1012,99.5,24.1,333,1.2,3,10,Overcast,cloudy,
"11.0511, 106.7568",2022-07-19T09:00:00,28.8,32.7,23.4,72.65,0,38.1,,0,0,5,3.2,166.5,1012,99.6,24.1,536,1.9,5,10,Overcast,cloudy,
"11.0511, 106.7568",2022-07-19T10:00:00,29.9,33.9,23,66.55,0,38.1,,0,0,8.3,6.5,233.4,1012,96.4,24.1,705,2.5,7,10,Overcast,cloudy,
"11.0511, 106.7568",2022-07-19T11:00:00,30.8,35,22.9,62.82,0.1,38.1,rain,0,0,10.4,8.3,238.3,1010,67.2,24.1,797,2.9,8,10,Partially cloudy,partly-cloudy-day,
"11.0511, 106.7568",2022-07-19T12:00:00,31.7,36.1,22.8,59.32,0.2,38.1,rain,0,0,10.4,8.3,240.4,1009,100,23.5,902,3.2,9,30,Overcast,cloudy,
"11.0511, 106.7568",2022-07-19T13:00:00,32,36.7,23,59.03,0.5,38.1,rain,0,0,11.2,10.1,265.2,1008,100,13.7,704,2.5,7,30,Overcast,cloudy,
"11.0511, 106.7568",2022-07-19T14:00:00,31.6,36.4,23.2,61.12,0.6,61.9,rain,0,0,12.2,11.9,274,1007,100,24.1,587,2.1,6,30,"Rain, Overcast",rain,
"11.0511, 106.7568",2022-07-19T15:00:00,31.9,36.8,23.2,60.09,0.1,61.9,rain,0,0,11.9,9.4,276.3,1007,100,24.1,574,2.1,6,30,"Rain, Overcast",rain,
"11.0511, 106.7568",2022-07-19T16:00:00,32,36.7,23,59.03,0,61.9,rain,0,0,13,8.6,285.4,1006,99.9,24.1,442,1.6,4,30,"Rain, Overcast",rain,
"11.0511, 106.7568",2022-07-19T17:00:00,31.4,36.9,23.9,64.49,0.2,61.9,rain,0,0,9.7,6.8,325.9,1007,100,24.1,225,0.8,2,30,"Rain, Overcast",rain,
"11.0511, 106.7568",2022-07-19T18:00:00,28.7,32.7,23.7,74.41,1.4,61.9,rain,0,0,11.5,9.4,344.3,1008,100,13.3,57,0.2,1,30,"Rain, Overcast",rain,
"11.0511, 106.7568",2022-07-19T19:00:00,27.8,31.3,23.7,78.41,2.1,61.9,rain,0,0,13,9.7,345,1008,100,15.8,0,,0,10,"Rain, Overcast",rain,
"11.0511, 106.7568",2022-07-19T20:00:00,27.6,31.1,24,80.78,0.6,85.7,rain,0,0,9.4,8.3,19.8,1009,100,24.1,0,,0,30,"Rain, Overcast",rain,
"11.0511, 106.7568",2022-07-19T21:00:00,27.4,30.8,24.1,82.22,0.3,85.7,rain,0,0,10.8,8.3,32.6,1010,100,22.8,0,,0,30,"Rain, Overcast",rain,
"11.0511, 106.7568",2022-07-19T22:00:00,26.9,29.8,24.1,84.67,0.4,85.7,rain,0,0,9.4,7.9,27.4,1010,100,24.1,0,,0,30,"Rain, Overcast",rain,
"11.0511, 106.7568",2022-07-19T23:00:00,26.4,26.4,24.1,87.2,0.4,85.7,rain,0,0,9.4,7.6,30.9,1010,99.9,4.4,0,,0,30,"Rain, Overcast",rain,
"11.0511, 106.7568",2022-07-20T00:00:00,26.5,26.5,23.5,83.62,3,85.7,rain,0,0,6.8,6.8,341.4,1010,100,13.9,0,,0,10,"Rain, Overcast",rain,
"11.0511, 106.7568",2022-07-20T01:00:00,26.8,29.4,23.7,83.15,0.6,85.7,rain,0,0,6.1,5.8,334.3,1009,99.8,24.1,0,,0,10,"Rain, Overcast",rain,
"11.0511, 106.7568",2022-07-20T02:00:00,26.5,26.5,23.7,84.63,0,42.9,,0,0,4.7,4.7,344.6,1008,98.5,24.1,0,,0,10,Overcast,cloudy,
"11.0511, 106.7568",2022-07-20T03:00:00,26.3,26.3,23.8,86.15,0,42.9,,0,0,4.3,4.3,7.7,1008,100,24.1,0,,0,10,Overcast,cloudy,
"11.0511, 106.7568",2022-07-20T04:00:00,26.1,26.1,23.8,87.18,0,42.9,,0,0,3.2,3.6,73.2,1008,100,24.1,0,,0,10,Overcast,cloudy,
"11.0511, 106.7568",2022-07-20T05:00:00,26,26,23.8,87.69,0,42.9,,0,0,5.4,5,108.9,1009,100,24.1,0,,0,10,Overcast,cloudy,
"11.0511, 106.7568",2022-07-20T06:00:00,25.9,25.9,24,89.28,0,42.9,,0,0,6.1,5.4,117.5,1009,100,24.1,2,0,0,10,Overcast,cloudy,
"11.0511, 106.7568",2022-07-20T07:00:00,26.3,26.3,24.2,88.25,0,42.9,,0,0,6.1,5,111,1010,99.3,24.1,43,0.2,0,30,Overcast,cloudy,
"11.0511, 106.7568",2022-07-20T08:00:00,27,30.1,24.2,84.68,0,47.6,rain,0,0,4,2.9,108.1,1010,95.8,24.1,146,0.5,1,30,"Rain, Overcast",rain,
"11.0511, 106.7568",2022-07-20T09:00:00,27.2,30.5,24.2,83.69,0,47.6,rain,0,0,3.6,1.4,38.7,1011,100,24.1,98,0.4,1,30,"Rain, Overcast",rain,
"11.0511, 106.7568",2022-07-20T10:00:00,27.2,30.4,24.1,83.19,0,47.6,rain,0,0,4.7,2.5,302.2,1010,100,24.1,108,0.4,1,30,"Rain, Overcast",rain,
"11.0511, 106.7568",2022-07-20T11:00:00,27.9,31.3,23.5,77.02,0,47.6,rain,0,0,13.7,7.9,261.8,1010,100,24.1,189,0.7,2,10,"Rain, Overcast",rain,
"11.0511, 106.7568",2022-07-20T12:00:00,29,32.5,22.8,69.26,0,47.6,rain,0,0,16.6,8.6,255.2,1009,99.2,24.1,228,0.8,2,10,"Rain, Overcast",rain,
"11.0511, 106.7568",2022-07-20T13:00:00,29.9,33.6,22.7,65.35,0,47.6,rain,0,0,16.9,8.6,268.2,1008,100,24.1,252,0.9,3,10,"Rain, Overcast",rain,
"11.0511, 106.7568",2022-07-20T14:00:00,29.5,33.4,23.1,68.52,0,28.6,,0,0,16.6,9.7,305.2,1007,100,24.1,211,0.8,2,10,Overcast,cloudy,
"11.0511, 106.7568",2022-07-20T15:00:00,28.5,32,23.2,73.04,0,28.6,,0,0,16.9,9.4,331.6,1006,100,24.1,172,0.6,2,10,Overcast,cloudy,
"11.0511, 106.7568",2022-07-20T16:00:00,28.6,32.1,23.1,72.18,0,28.6,,0,0,15.5,5.8,329.9,1006,99.7,24.1,137,0.5,1,10,Overcast,cloudy,
"11.0511, 106.7568",2022-07-20T17:00:00,29.5,33.6,23.3,69.35,0,28.6,,0,0,9.7,4,323.8,1006,91.5,24.1,151,0.5,2,10,Overcast,cloudy,
"11.0511, 106.7568",2022-07-20T18:00:00,28.6,31.9,22.8,70.88,0,28.6,,0,0,4,3.6,283.7,1006,100,24.1,66,0.2,1,10,Overcast,cloudy,
"11.0511, 106.7568",2022-07-20T19:00:00,28.2,31,22.3,70.38,0.1,28.6,rain,0,0,9,7.9,248.8,1007,100,24.1,0,,0,10,Overcast,cloudy,
"11.0511, 106.7568",2022-07-20T20:00:00,27.4,30,22.7,75.56,0,33.3,,0,0,14.4,7.6,248.3,1008,100,24.1,0,,0,10,Overcast,cloudy,
"11.0511, 106.7568",2022-07-20T21:00:00,26.9,29.3,22.9,78.76,0,33.3,,0,0,19.8,9.4,243.2,1008,100,24.1,0,,0,10,Overcast,cloudy,
"11.0511, 106.7568",2022-07-20T22:00:00,26.7,26.7,22.8,79.21,0,33.3,,0,0,28.1,7.2,263.9,1009,100,24.1,0,,0,10,Overcast,cloudy,
"11.0511, 106.7568",2022-07-20T23:00:00,26.3,26.3,22.7,80.61,0.2,33.3,rain,0,0,25.6,8.3,286.2,1009,99.9,23.5,0,,0,10,Overcast,cloudy,
"11.0511, 106.7568",2022-07-21T00:00:00,25.6,25.6,23,85.57,0.8,33.3,rain,0,0,15.8,7.6,289.1,1008,95,13.9,0,,0,10,Overcast,cloudy,
"11.0511, 106.7568",2022-07-21T01:00:00,24.9,24.9,23.1,89.75,1.7,33.3,rain,0,0,7.9,6.1,317.6,1008,99,15.1,0,,0,10,Overcast,cloudy,
"11.0511, 106.7568",2022-07-21T02:00:00,24.6,24.6,23.2,91.93,1.7,33.3,rain,0,0,6.8,5.8,329.6,1007,100,15.2,0,,0,10,Overcast,cloudy,
"11.0511, 106.7568",2022-07-21T03:00:00,24.7,24.7,23.2,91.38,0.4,33.3,rain,0,0,5,5,12.4,1007,100,24.1,0,,0,10,Overcast,cloudy,
"11.0511, 106.7568",2022-07-21T04:00:00,24.6,24.6,23.2,91.93,0,33.3,,0,0,4.7,4.7,35.1,1007,100,24.1,0,,0,10,Overcast,cloudy,
"11.0511, 106.7568",2022-07-21T05:00:00,24.5,24.5,23.3,93.04,0,33.3,,0,0,5,5,43.3,1008,100,24.1,0,,0,10,Overcast,cloudy,
"11.0511, 106.7568",2022-07-21T06:00:00,24.9,24.9,23.5,91.94,0,33.3,,0,0,4,3.6,45.9,1008,100,24.1,10,0,0,10,Overcast,cloudy,
"11.0511, 106.7568",2022-07-21T07:00:00,26.5,26.5,23.3,82.61,0,33.3,,0,0,12.2,4.3,283.1,1009,100,24.1,154,0.6,2,10,Overcast,cloudy,
"11.0511, 106.7568",2022-07-21T08:00:00,28,31.3,23.3,75.65,0,23.8,,0,0,20.5,10.4,282.4,1009,100,24.1,378,1.4,4,10,Overcast,cloudy,
"11.0511, 106.7568",2022-07-21T09:00:00,29.3,33.3,23.3,70.15,0,23.8,,0,0,24.5,15.8,278.7,1009,100,24.1,582,2.1,6,10,Overcast,cloudy,
"11.0511, 106.7568",2022-07-21T10:00:00,30.6,34.8,23,63.93,0,23.8,,0,0,27,18,278.5,1008,100,24.1,750,2.7,8,10,Overcast,cloudy,
"11.0511, 106.7568",2022-07-21T11:00:00,31.7,36,22.7,58.96,0.1,23.8,rain,0,0,28.8,20.2,283.7,1007,100,24.1,812,2.9,8,10,Overcast,cloudy,
"11.0511, 106.7568",2022-07-21T12:00:00,32.6,36.9,22.5,55.36,0,23.8,,0,0,29.2,19.8,286.5,1006,100,24.1,890,3.2,9,10,Overcast,cloudy,
"11.0511, 106.7568",2022-07-21T13:00:00,33,37.2,22.3,53.47,0,23.8,,0,0,29.5,22.3,280.1,1005,100,24.1,811,2.9,8,10,Overcast,cloudy,
"11.0511, 106.7568",2022-07-21T14:00:00,32,36.4,22.7,57.97,0,28.6,,0,0,26.6,21.2,271.1,1005,100,24.1,393,1.4,4,30,Overcast,cloudy,
"11.0511, 106.7568",2022-07-21T15:00:00,32.3,36.2,22.2,55.29,0,28.6,,0,0,28.1,22.3,276.5,1004,100,24.1,640,2.3,6,10,Overcast,cloudy,
"11.0511, 106.7568",2022-07-21T16:00:00,32.2,36.7,22.8,57.67,0.1,28.6,rain,0,0,26.6,18,283.4,1004,100,24.1,482,1.7,5,30,Overcast,cloudy,
"11.0511, 106.7568",2022-07-21T17:00:00,31.2,35.8,23.2,62.53,0,28.6,,0,0,22.3,13,304.1,1004,100,24.1,261,0.9,3,30,Overcast,cloudy,
"11.0511, 106.7568",2022-07-21T18:00:00,29.4,33.5,23.4,70.17,0,28.6,,0,0,13.3,9.4,334.3,1005,100,24.1,67,0.2,1,30,Overcast,cloudy,
"11.0511, 106.7568",2022-07-21T19:00:00,28.8,32.4,23.1,71.35,0.2,28.6,rain,0,0,6.8,6.5,351.1,1005,87.3,24.1,0,,0,30,Partially cloudy,partly-cloudy-night,
"11.0511, 106.7568",2022-07-21T20:00:00,27.5,30.7,23.6,79.32,1.7,33.3,rain,0,0,4.7,4.3,330.6,1006,100,4,0,,0,10,Overcast,cloudy,
"11.0511, 106.7568",2022-07-21T21:00:00,27.8,31.1,23.4,77.01,2.9,33.3,rain,0,0,17.3,9,271.3,1007,100,24.1,0,,0,10,Overcast,cloudy,
"11.0511, 106.7568",2022-07-21T22:00:00,27.2,30.1,23.5,80.24,1.3,33.3,rain,0,0,24.8,11.9,246.9,1007,100,13.2,0,,0,10,Overcast,cloudy,
"11.0511, 106.7568",2022-07-21T23:00:00,26.1,26.1,23.5,85.61,0.4,33.3,rain,0,0,28.1,13.3,248.3,1007,100,24.1,0,,0,10,Overcast,cloudy,
"11.0511, 106.7568",2022-07-22T00:00:00,25.5,25.5,23.7,89.79,1,33.3,rain,0,0,31.7,13.7,255.4,1006,100,24.1,0,,0,10,Overcast,cloudy,
"11.0511, 106.7568",2022-07-22T01:00:00,25.6,25.6,23.9,90.34,0,33.3,,0,0,28.4,10.4,246.9,1006,100,24.1,0,,0,10,Overcast,cloudy,
"11.0511, 106.7568",2022-07-22T02:00:00,25.4,25.4,23.8,90.87,0.9,19,rain,0,0,28.8,10.4,258.9,1005,100,24.1,0,,0,10,Overcast,cloudy,
"11.0511, 106.7568",2022-07-22T03:00:00,25.3,25.3,23.7,90.87,2.9,19,rain,0,0,29.9,10.1,253.6,1005,100,13.2,0,,0,10,Overcast,cloudy,
"11.0511, 106.7568",2022-07-22T04:00:00,25.6,25.6,23.5,88.19,1.8,19,rain,0,0,31.7,12.6,248.5,1005,99.9,24.1,0,,0,10,Overcast,cloudy,
"11.0511, 106.7568",2022-07-22T05:00:00,25.5,25.5,23.6,89.25,0.3,19,rain,0,0,21.6,7.6,238.2,1005,100,24.1,0,,0,10,Overcast,cloudy,
"11.0511, 106.7568",2022-07-22T06:00:00,25.8,25.8,23.8,88.74,0,19,,0,0,25.6,5.8,233.2,1006,100,24.1,5,0,0,10,Overcast,cloudy,
"11.0511, 106.7568",2022-07-22T07:00:00,26.1,26.1,23.9,87.7,0,19,,0,0,32.4,6.5,220.7,1006,100,24.1,32,0.1,0,10,Overcast,cloudy,
"11.0511, 106.7568",2022-07-22T08:00:00,27.5,30.6,23.3,77.9,0,66.7,rain,0,0,33.6,12.1,234.7,1006.3,100,24.1,166.7,0.6,2,10,"Rain, Overcast",rain,
"11.0511, 106.7568",2022-07-22T09:00:00,28.9,32.4,22.7,69.25,0,66.7,rain,0,0,34.8,17.8,248.6,1006.7,100,24.1,301.3,1.1,3,10,"Rain, Overcast",rain,
"11.0511, 106.7568",2022-07-22T10:00:00,30.4,33.9,22.2,61.6,0.1,66.7,rain,0,0,36,23.4,262.6,1007,100,24.1,436,1.6,4,10,"Rain, Overcast",rain,
"11.0511, 106.7568",2022-07-22T11:00:00,30.4,34.1,22.4,62.61,0,66.7,rain,0,0,36.6,23.9,264.4,1006,100,24.1,483,1.8,5,10,"Rain, Overcast",rain,
"11.0511, 106.7568",2022-07-22T12:00:00,30.4,34.3,22.7,63.63,0,66.7,rain,0,0,37.2,24.4,266.1,1005,100,24.1,530,1.9,5,10,"Rain, Overcast",rain,
"11.0511, 106.7568",2022-07-22T13:00:00,30.4,34.6,23,64.67,0.9,66.7,rain,0,0,37.8,24.8,267.9,1004,100,24.1,577,2.1,6,30,"Rain, Overcast",rain,
"11.0511, 106.7568",2022-07-22T14:00:00,29.6,33.6,23,67.59,0,66.7,rain,0,0,31,19.4,267.2,1003.7,100,24.1,497.3,1.8,5,30,"Rain, Overcast",rain,
"11.0511, 106.7568",2022-07-22T15:00:00,28.9,32.6,23,70.66,0,66.7,rain,0,0,24.1,14,266.5,1003.3,100,24.1,417.7,1.5,4,10,"Rain, Overcast",rain,
"11.0511, 106.7568",2022-07-22T16:00:00,28.2,31.5,23.1,73.88,0.4,66.7,rain,0,0,17.3,8.6,265.8,1003,100,24.1,338,1.2,3,10,"Rain, Overcast",rain,
"11.0511, 106.7568",2022-07-22T17:00:00,27.9,30.9,22.8,73.98,0,66.7,rain,0,0,14.3,8,285.5,1003.7,100,24.1,239.3,0.9,2,10,"Rain, Overcast",rain,
"11.0511, 106.7568",2022-07-22T18:00:00,27.6,30.3,22.5,74.08,0,66.7,rain,0,0,11.3,7.4,305.1,1004.3,100,24.1,140.7,0.5,1,10,"Rain, Overcast",rain,
"11.0511, 106.7568",2022-07-22T19:00:00,27.3,29.7,22.3,74.18,0.3,66.7,rain,0,0,8.3,6.8,324.8,1005,100,24.1,42,0.2,0,10,"Rain, Overcast",rain,
"11.0511, 106.7568",2022-07-22T20:00:00,27.1,29.3,22,73.84,0,47.6,rain,0,0,9.7,7.1,298.2,1005.7,100,24.1,28,0.1,0,10,"Rain, Overcast",rain,
"11.0511, 106.7568",2022-07-22T21:00:00,26.9,28.9,21.7,73.51,0,47.6,rain,0,0,11.2,7.3,271.6,1006.3,100,24.1,14,0.1,0,10,"Rain, Overcast",rain,
"11.0511, 106.7568",2022-07-22T22:00:00,26.7,26.7,21.5,73.18,0,47.6,rain,0,0,12.6,7.6,245,1007,100,24.1,0,,0,10,"Rain, Overcast",rain,
"11.0511, 106.7568",2022-07-22T23:00:00,26.5,26.5,21.9,75.88,0,47.6,rain,0,0,18,8.3,246.1,1006.7,100,24.1,0,,0,10,"Rain, Overcast",rain,
"11.0511, 106.7568",2022-07-23T00:00:00,26.3,26.3,22.3,78.68,0,47.6,rain,0,0,23.4,9,247.3,1006.3,100,24.1,0,,0,10,"Rain, Overcast",rain,
"11.0511, 106.7568",2022-07-23T01:00:00,26.1,26.1,22.7,81.57,0.1,47.6,rain,0,0,28.8,9.7,248.4,1006,100,24.1,0,,0,10,"Rain, Overcast",rain,
"11.0511, 106.7568",2022-07-23T02:00:00,25.8,25.8,22.6,82.54,0,52.4,rain,0,0,22.2,8.5,244.2,1005.7,100,22,0,,0,10,"Rain, Overcast",rain,
"11.0511, 106.7568",2022-07-23T03:00:00,25.6,25.6,22.6,83.52,0,52.4,rain,0,0,15.6,7.3,240,1005.3,100,19.8,0,,0,10,"Rain, Overcast",rain,
"11.0511, 106.7568",2022-07-23T04:00:00,25.4,25.4,22.6,84.51,0.4,52.4,rain,0,0,9,6.1,235.8,1005,100,17.7,0,,0,10,"Rain, Overcast",rain,
"11.0511, 106.7568",2022-07-23T05:00:00,25.6,25.6,22.8,84.71,0,52.4,rain,0,0,15.4,5.6,228,1005.3,100,19.8,5,0,0,10,"Rain, Overcast",rain,
"11.0511, 106.7568",2022-07-23T06:00:00,25.8,25.8,23.1,84.9,0,52.4,rain,0,0,21.7,5.2,220.3,1005.7,100,22,10,0,0,10,"Rain, Overcast",rain,
"11.0511, 106.7568",2022-07-23T07:00:00,26.1,26.1,23.4,85.1,0.2,52.4,rain,0,0,28.1,4.7,212.5,1006,100,24.1,15,0.1,0,10,"Rain, Overcast",rain,
"11.0511, 106.7568",2022-07-23T08:00:00,26.4,26.4,23.3,83.44,0,66.7,rain,0,0,29.3,7.2,222.5,1006.3,100,24.1,40.7,0.2,0,10,"Rain, Overcast",rain,
"11.0511, 106.7568",2022-07-23T09:00:00,26.7,26.7,23.3,81.81,0,66.7,rain,0,0,30.5,9.7,232.5,1006.7,100,24.1,66.3,0.2,1,10,"Rain, Overcast",rain,
"11.0511, 106.7568",2022-07-23T10:00:00,27,29.6,23.3,80.22,0.2,66.7,rain,0,0,31.7,12.2,242.5,1007,100,24.1,92,0.3,1,10,"Rain, Overcast",rain,
"11.0511, 106.7568",2022-07-23T11:00:00,28,31.4,23.2,75.06,0,66.7,rain,0,0,33.2,16,244.6,1006.7,100,19.1,169.7,0.6,2,10,"Rain, Overcast",rain,
"11.0511, 106.7568",2022-07-23T12:00:00,29.1,33,23.1,70.27,0,66.7,rain,0,0,34.8,19.7,246.7,1006.3,100,14.1,247.3,0.9,2,10,"Rain, Overcast",rain,
"11.0511, 106.7568",2022-07-23T13:00:00,30.2,34.4,23.1,65.81,1,66.7,rain,0,0,36.4,23.4,248.8,1006,100,9.1,325,1.2,3,10,"Rain, Overcast",rain,
"11.0511, 106.7568",2022-07-23T14:00:00,30.1,34.3,23.1,66.32,0,71.4,rain,0,0,37.1,23.3,249.8,1005.3,99.9,9.5,380,1.4,4,10,"Rain, Overcast",rain,
"11.0511, 106.7568",2022-07-23T15:00:00,30,34.2,23.1,66.84,0,71.4,rain,0,0,37.8,23.2,250.7,1004.7,99.7,9.8,435,1.6,4,10,"Rain, Overcast",rain,
"11.0511, 106.7568",2022-07-23T16:00:00,29.9,34.1,23.2,67.36,2,71.4,rain,0,0,38.5,23,251.7,1004,99.6,10.2,490,1.8,5,30,"Rain, Overcast",rain,
"11.0511, 106.7568",2022-07-23T17:00:00,28.9,32.4,22.8,69.94,0,71.4,rain,0,0,38.8,21.6,246.3,1005,76.9,14.8,370,1.4,4,10,"Rain, Partially cloudy",rain,
"11.0511, 106.7568",2022-07-23T18:00:00,27.9,30.7,22.5,72.64,0,71.4,rain,0,0,39,20.2,240.8,1006,54.3,19.5,250,0.9,3,10,"Rain, Partially cloudy",rain,
"11.0511, 106.7568",2022-07-23T19:00:00,26.9,29,22.2,75.48,0.9,71.4,rain,0,0,39.2,18.7,235.4,1007,31.6,24.1,130,0.5,0,10,"Rain, Partially cloudy",rain,
"11.0511, 106.7568",2022-07-23T20:00:00,26.5,26.5,22.3,77.6,0,52.4,rain,0,0,36,16.3,237.2,1007.3,52,24.1,86.7,0.3,0,10,"Rain, Partially cloudy",rain,
"11.0511, 106.7568",2022-07-23T21:00:00,26.2,26.2,22.4,79.79,0,52.4,rain,0,0,32.8,13.9,239.1,1007.7,72.4,24.1,43.3,0.2,0,10,"Rain, Partially cloudy",rain,
"11.0511, 106.7568",2022-07-23T22:00:00,25.9,25.9,22.6,82.04,0,52.4,rain,0,0,29.5,11.5,240.9,1008,92.8,24.1,0,,0,10,"Rain, Overcast",rain,
"11.0511, 106.7568",2022-07-23T23:00:00,25.9,25.9,22.5,81.71,0,52.4,rain,0,0,25.6,10.3,243.9,1008,95.2,24.1,0,,0,10,"Rain, Overcast",rain,
"11.0511, 106.7568",2022-07-24T00:00:00,25.9,25.9,22.4,81.38,0,52.4,rain,0,0,21.6,9.1,246.9,1008,97.6,24.1,0,,0,10,"Rain, Overcast",rain,
"11.0511, 106.7568",2022-07-24T01:00:00,25.9,25.9,22.4,81.05,0,52.4,rain,0,0,17.6,7.9,249.9,1008,100,24.1,0,,0,10,"Rain, Overcast",rain,
"11.0511, 106.7568",2022-07-24T02:00:00,25.7,25.7,22.6,83.02,0,42.9,,0,0,17.6,7.6,232,1007.7,100,24.1,0,,0,10,Overcast,cloudy,
"11.0511, 106.7568",2022-07-24T03:00:00,25.4,25.4,22.8,85.04,0,42.9,,0,0,17.6,7.2,214,1007.3,100,24.1,0,,0,10,Overcast,cloudy,
"11.0511, 106.7568",2022-07-24T04:00:00,25.3,25.3,23,87.1,0.7,42.9,rain,0,0,17.6,6.8,196.1,1007,100,24.1,0,,0,10,Overcast,cloudy,
"11.0511, 106.7568",2022-07-24T05:00:00,25.4,25.4,23.1,87.29,0,42.9,,0,0,13.4,5.9,184.2,1007.3,100,24.1,2,0,0,10,Overcast,cloudy,
"11.0511, 106.7568",2022-07-24T06:00:00,25.4,25.4,23.2,87.47,0,42.9,,0,0,9.2,4.9,172.4,1007.7,100,24.1,4,0,0,10,Overcast,cloudy,
"11.0511, 106.7568",2022-07-24T07:00:00,25.6,25.6,23.4,87.66,0.4,42.9,rain,0,0,5,4,160.5,1008,100,24.1,6,0,0,10,Overcast,cloudy,
"11.0511, 106.7568",2022-07-24T08:00:00,26.3,26.3,23.4,84.27,0,71.4,rain,0,0,10.2,5.8,185.6,1008.3,95.7,24.1,55.7,0.3,1,10,"Rain, Overcast",rain,
"11.0511, 106.7568",2022-07-24T09:00:00,27,29.7,23.4,81.03,0,71.4,rain,0,0,15.4,7.6,210.7,1008.7,91.3,24.1,105.3,0.5,1,10,"Rain, Overcast",rain,
"11.0511, 106.7568",2022-07-24T10:00:00,27.7,31,23.5,77.93,1.2,71.4,rain,0,0,20.5,9.4,235.8,1009,87,24.1,155,0.6,2,10,"Rain, Partially cloudy",rain,
"11.0511, 106.7568",2022-07-24T11:00:00,28.8,32.7,23.3,72.08,0,71.4,rain,0,0,23,11.5,238,1008,91.3,23.9,325,1.2,3,30,"Rain, Overcast",rain,
"11.0511, 106.7568",2022-07-24T12:00:00,30,34.2,23.1,66.71,0,71.4,rain,0,0,25.6,13.7,240.3,1007,95.7,23.8,495,1.8,5,30,"Rain, Overcast",rain,
"11.0511, 106.7568",2022-07-24T13:00:00,31.2,35.6,23,61.78,1.3,71.4,rain,0,0,28.1,15.8,242.5,1006,100,23.6,665,2.4,7,30,"Rain, Overcast",rain,
"11.0511, 106.7568",2022-07-24T14:00:00,30.3,34.7,23.2,65.97,0,90.5,rain,0,0,31.4,17.5,245.5,1005.7,100,17.7,507,1.8,5,30,"Rain, Overcast",rain,
"11.0511, 106.7568",2022-07-24T15:00:00,29.4,33.8,23.5,70.47,0,90.5,rain,0,0,34.8,19.2,248.6,1005.3,100,11.8,349,1.3,3,30,"Rain, Overcast",rain,
"11.0511, 106.7568",2022-07-24T16:00:00,28.6,32.7,23.8,75.29,3.2,90.5,rain,0,0,38.2,20.9,251.6,1005,100,5.9,191,0.7,2,30,"Rain, Overcast",rain,
"11.0511, 106.7568",2022-07-24T17:00:00,28.1,31.7,23.5,76.13,0,90.5,rain,0,0,38,19.2,245.4,1005.7,100,12,150,0.5,2,30,"Rain, Overcast",rain,
"11.0511, 106.7568",2022-07-24T18:00:00,27.6,30.8,23.2,76.99,0,90.5,rain,0,0,37.9,17.5,239.2,1006.3,100,18,109,0.4,1,10,"Rain, Overcast",rain,
"11.0511, 106.7568",2022-07-24T19:00:00,27.2,29.9,23,77.85,2.5,90.5,rain,0,0,37.8,15.8,233,1007,100,24.1,68,0.2,0,10,"Rain, Overcast",rain,
"11.0511, 106.7568",2022-07-24T20:00:00,26.8,29.2,23,80.03,0,42.9,,0,0,34.9,14.5,232,1007.7,100,24.1,45.3,0.2,0,10,Overcast,cloudy,
"11.0511, 106.7568",2022-07-24T21:00:00,26.4,26.4,23.1,82.27,0,42.9,,0,0,32,13.2,231.1,1008.3,100,24.1,22.7,0.1,0,10,Overcast,cloudy,
"11.0511, 106.7568",2022-07-24T22:00:00,26,26,23.2,84.58,0,42.9,,0,0,29.2,11.9,230.1,1009,100,24.1,0,,0,10,Overcast,cloudy,
"11.0511, 106.7568",2022-07-24T23:00:00,25.7,25.7,23.2,86.27,0,42.9,,0,0,26.5,10.6,229.1,1008.7,100,24.1,0,,0,10,Overcast,cloudy,
"11.0511, 106.7568",2022-07-25T00:00:00,25.4,25.4,23.3,88,0,42.9,,0,0,23.9,9.2,228.1,1008.3,100,24.1,0,,0,10,Overcast,cloudy,
"11.0511, 106.7568",2022-07-25T01:00:00,25.2,25.2,23.4,89.77,0,42.9,,0,0,21.2,7.9,227.1,1008,100,24.1,0,,0,10,Overcast,cloudy,
"11.0511, 106.7568",2022-07-25T02:00:00,25.1,25.1,23.4,90.67,0,57.1,rain,0,0,16.3,6.8,236.6,1007.7,100,24.1,0,,0,10,"Rain, Overcast",rain,
"11.0511, 106.7568",2022-07-25T03:00:00,25,25,23.5,91.58,0,57.1,rain,0,0,11.4,5.8,246.2,1007.3,100,24.1,0,,0,10,"Rain, Overcast",rain,
"11.0511, 106.7568",2022-07-25T04:00:00,24.9,24.9,23.6,92.5,3,57.1,rain,0,0,6.5,4.7,255.7,1007,100,24.1,0,,0,10,"Rain, Overcast",rain,
"11.0511, 106.7568",2022-07-25T05:00:00,25.1,25.1,23.7,91.95,0,57.1,rain,0,0,5.9,3.7,201.4,1007.7,100,24.1,7.7,0,0,10,"Rain, Overcast",rain,
"11.0511, 106.7568",2022-07-25T06:00:00,25.3,25.3,23.8,91.41,0,57.1,rain,0,0,5.3,2.8,147.2,1008.3,100,24.1,15.3,0.1,0,10,"Rain, Overcast",rain,
"11.0511, 106.7568",2022-07-25T07:00:00,25.5,25.5,23.9,90.88,2.4,57.1,rain,0,0,4.7,1.8,92.9,1009,100,24.1,23,0.1,0,10,"Rain, Overcast",rain,
"11.0511, 106.7568",2022-07-25T08:00:00,26.7,29.5,23.9,84.49,0,61.9,rain,0,0,8.4,4.9,141.6,1008.7,95.8,24.1,136.3,0.5,1,30,"Rain, Overcast",rain,
"11.0511, 106.7568",2022-07-25T09:00:00,28,31.8,23.9,78.6,0,61.9,rain,0,0,12.1,8,190.2,1008.3,91.7,24.1,249.7,0.9,2,30,"Rain, Overcast",rain,
"11.0511, 106.7568",2022-07-25T10:00:00,29.3,33.9,24,73.18,1.1,61.9,rain,0,0,15.8,11.2,238.9,1008,87.5,24.1,363,1.3,4,30,"Rain, Partially cloudy",rain,
"11.0511, 106.7568",2022-07-25T11:00:00,30,35,23.9,69.74,0,61.9,rain,0,0,17,11.4,245.9,1007.3,89.6,18.1,523,1.9,5,30,"Rain, Partially cloudy",rain,
"11.0511, 106.7568",2022-07-25T12:00:00,30.8,36,23.8,66.47,0,61.9,rain,0,0,18.2,11.6,253,1006.7,91.6,12,683,2.4,7,30,"Rain, Overcast",rain,
"11.0511, 106.7568",2022-07-25T13:00:00,31.6,37,23.8,63.38,3.7,61.9,rain,0,0,19.4,11.9,260,1006,93.7,6,843,3,8,30,"Rain, Overcast",rain,
"11.0511, 106.7568",2022-07-25T14:00:00,30.2,35,23.6,67.57,0,90.5,rain,0,0,26.4,15.4,265.4,1005.7,95.8,9.8,685.3,2.4,7,30,"Rain, Overcast",rain,
"11.0511, 106.7568",2022-07-25T15:00:00,28.9,32.9,23.4,72.09,0,90.5,rain,0,0,33.4,18.8,270.9,1005.3,97.9,13.5,527.7,1.9,5,30,"Rain, Overcast",rain,
"11.0511, 106.7568",2022-07-25T16:00:00,27.6,30.6,23.2,76.98,4.5,90.5,rain,0,0,40.3,22.3,276.3,1005,100,17.3,370,1.3,4,10,"Rain, Overcast",rain,
"11.0511, 106.7568",2022-07-25T17:00:00,26.9,29.5,23,78.93,0,90.5,rain,0,0,33.8,17.8,262.2,1005.7,100,19.6,250.7,0.9,3,10,"Rain, Overcast",rain,
"11.0511, 106.7568",2022-07-25T18:00:00,26.4,26.4,22.8,80.95,0,90.5,rain,0,0,27.4,13.2,248.1,1006.3,100,21.8,131.3,0.4,1,10,"Rain, Overcast",rain,
"11.0511, 106.7568",2022-07-25T19:00:00,25.8,25.8,22.7,83.03,0.1,90.5,rain,0,0,20.9,8.6,234,1007,100,24.1,12,0,0,10,"Rain, Overcast",rain,
"11.0511, 106.7568",2022-07-25T20:00:00,25.6,25.6,22.7,84.03,0,61.9,rain,0,0,17.9,7.9,219.5,1007.3,100,24.1,8,0,0,10,"Rain, Overcast",rain,
"11.0511, 106.7568",2022-07-25T21:00:00,25.4,25.4,22.7,85.03,0,61.9,rain,0,0,14.9,7.2,204.9,1007.7,100,24.1,4,0,0,10,"Rain, Overcast",rain,
"11.0511, 106.7568",2022-07-25T22:00:00,25.3,25.3,22.8,86.06,0,61.9,rain,0,0,11.9,6.5,190.4,1008,100,24.1,0,,0,10,"Rain, Overcast",rain,
"11.0511, 106.7568",2022-07-25T23:00:00,25.1,25.1,22.7,86.57,0,61.9,rain,0,0,13.3,7,230.8,1007.3,99.7,24.1,0,,0,10,"Rain, Overcast",rain,
"11.0511, 106.7568",2022-07-26T00:00:00,25,25,22.7,87.08,0,61.9,rain,0,0,14.8,7.4,271.1,1006.7,99.4,24.1,0,,0,10,"Rain, Overcast",rain,
"11.0511, 106.7568",2022-07-26T01:00:00,24.9,24.9,22.7,87.6,0,61.9,rain,0,0,16.2,7.9,311.5,1006,99.1,24.1,0,,0,10,"Rain, Overcast",rain,
"11.0511, 106.7568",2022-07-26T02:00:00,24.8,24.8,22.7,88.3,0,42.9,,0,0,12,6.4,319.3,1005.7,94.5,24.1,0,,0,10,Overcast,cloudy,
"11.0511, 106.7568",2022-07-26T03:00:00,24.7,24.7,22.8,89.02,0,42.9,,0,0,7.8,4.8,327.2,1005.3,89.8,24.1,0,,0,10,Partially cloudy,partly-cloudy-night,
"11.0511, 106.7568",2022-07-26T04:00:00,24.7,24.7,22.9,89.73,0,42.9,,0,0,3.6,3.2,335,1005,85.2,24.1,0,,0,10,Partially cloudy,partly-cloudy-night,
"11.0511, 106.7568",2022-07-26T05:00:00,25,25,22.9,88.5,0,42.9,,0,0,4.3,3.5,229.6,1005.7,88.7,24.1,12.3,0,0,10,Partially cloudy,partly-cloudy-night,
"11.0511, 106.7568",2022-07-26T06:00:00,25.3,25.3,23,87.28,0,42.9,,0,0,5,3.7,124.3,1006.3,92.3,24.1,24.7,0.1,0,10,Overcast,cloudy,
"11.0511, 106.7568",2022-07-26T07:00:00,25.6,25.6,23.1,86.08,0,42.9,,0,0,5.8,4,18.9,1007,95.8,24.1,37,0.1,0,10,Overcast,cloudy,
"11.0511, 106.7568",2022-07-26T08:00:00,26.9,29.5,23.1,79.41,0,66.7,rain,0,0,10.8,7,108.1,1007,94.4,24.1,184.7,0.6,2,10,"Rain, Overcast",rain,
"11.0511, 106.7568",2022-07-26T09:00:00,28.3,31.7,23.1,73.31,0,66.7,rain,0,0,15.8,10,197.2,1007,92.9,24.1,332.3,1.2,3,10,"Rain, Overcast",rain,
"11.0511, 106.7568",2022-07-26T10:00:00,29.7,33.7,23.1,67.73,0,66.7,rain,0,0,20.9,13,286.4,1007,91.5,24.1,480,1.7,5,10,"Rain, Overcast",rain,
"11.0511, 106.7568",2022-07-26T11:00:00,30.5,34.8,23,64.31,0,66.7,rain,0,0,22,14.3,285.3,1006.3,94.3,21.3,600.3,2.1,6,10,"Rain, Overcast",rain,
"11.0511, 106.7568",2022-07-26T12:00:00,31.3,35.8,22.9,61.07,0,66.7,rain,0,0,23,15.6,284.2,1005.7,97.2,18.5,720.7,2.6,7,30,"Rain, Overcast",rain,
"11.0511, 106.7568",2022-07-26T13:00:00,32.2,36.8,22.9,58.02,0.3,66.7,rain,0,0,24.1,16.9,283.1,1005,100,15.7,841,3,8,30,"Rain, Overcast",rain,
"11.0511, 106.7568",2022-07-26T14:00:00,31.2,35.6,22.9,61.53,0,85.7,rain,0,0,25,16.1,274,1004.3,91.5,18.5,701,2.5,7,30,"Rain, Overcast",rain,
"11.0511, 106.7568",2022-07-26T15:00:00,30.2,34.3,22.9,65.28,0,85.7,rain,0,0,25.8,15.2,264.8,1003.7,83.1,21.3,561,2,6,30,"Rain, Partially cloudy",rain,
"11.0511, 106.7568",2022-07-26T16:00:00,29.2,32.9,23,69.29,1.6,85.7,rain,0,0,26.6,14.4,255.7,1003,74.6,24.1,421,1.5,4,30,"Rain, Partially cloudy",rain,
"11.0511, 106.7568",2022-07-26T17:00:00,28.1,31.5,23.1,74.47,0,85.7,rain,0,0,28.8,15.5,269.1,1003.7,83.1,17.2,309.3,1.1,3,10,"Rain, Partially cloudy",rain,
"11.0511, 106.7568",2022-07-26T18:00:00,27,29.8,23.3,80.06,0,85.7,rain,0,0,31,16.6,282.6,1004.3,91.5,10.4,197.7,0.7,2,10,"Rain, Overcast",rain,
"11.0511, 106.7568",2022-07-26T19:00:00,26,26,23.5,86.12,5.1,85.7,rain,0,0,33.1,17.6,296,1005,100,3.5,86,0.3,0,10,"Rain, Overcast",rain,
"11.0511, 106.7568",2022-07-26T20:00:00,25.5,25.5,23.5,88.72,0,81,rain,0,0,30.2,15.4,308.2,1005.7,100,10.4,57.3,0.2,0,10,"Rain, Overcast",rain,
"11.0511, 106.7568",2022-07-26T21:00:00,25,25,23.5,91.4,0,81,rain,0,0,27.4,13.1,320.4,1006.3,100,17.2,28.7,0.1,0,10,"Rain, Overcast",rain,
"11.0511, 106.7568",2022-07-26T22:00:00,24.5,24.5,23.5,94.17,16.1,81,rain,0,0,24.5,10.8,332.6,1007,100,24.1,0,,0,10,"Rain, Overcast",rain,
"11.0511, 106.7568",2022-07-26T23:00:00,24.6,24.6,23.4,93.42,0,81,rain,0,0,17.8,8.3,321.4,1006.7,100,21.2,0,,0,10,"Rain, Overcast",rain,
"11.0511, 106.7568",2022-07-27T00:00:00,24.7,24.7,23.4,92.67,0,81,rain,0,0,11,5.8,310.1,1006.3,100,18.2,0,,0,10,"Rain, Overcast",rain,
"11.0511, 106.7568",2022-07-27T01:00:00,24.8,24.8,23.4,91.94,0.2,81,rain,0,0,4.3,3.2,298.9,1006,100,15.3,0,,0,10,"Rain, Overcast",rain,
"11.0511, 106.7568",2022-07-27T02:00:00,24.7,24.7,23.3,91.75,0,38.1,,0,0,11.5,5.2,284.9,1005.7,99.9,18.2,0,,0,10,Overcast,cloudy,
"11.0511, 106.7568",2022-07-27T03:00:00,24.7,24.7,23.2,91.56,0,38.1,,0,0,18.7,7.1,270.9,1005.3,99.9,21.2,0,,0,10,Overcast,cloudy,
"11.0511, 106.7568",2022-07-27T04:00:00,24.7,24.7,23.2,91.38,4.2,38.1,rain,0,0,25.9,9,256.9,1005,99.8,24.1,0,,0,10,Overcast,cloudy,
"11.0511, 106.7568",2022-07-27T05:00:00,24.8,24.8,23.1,90.47,0,38.1,,0,0,29.2,10.7,257.3,1005.7,95.6,24.1,5.7,0,0,10,Overcast,cloudy,
"11.0511, 106.7568",2022-07-27T06:00:00,24.9,24.9,23.1,89.57,0,38.1,,0,0,32.4,12.4,257.8,1006.3,91.3,24.1,11.3,0,0,10,Overcast,cloudy,
"11.0511, 106.7568",2022-07-27T07:00:00,25.1,25.1,23.1,88.68,1.7,38.1,rain,0,0,35.6,14,258.2,1007,87.1,24.1,17,0.1,0,10,Partially cloudy,partly-cloudy-day,
"11.0511, 106.7568",2022-07-27T08:00:00,26.2,26.2,23.2,83.75,0,81,rain,0,0,35.3,16.9,257.9,1007,90.8,21.8,150,0.6,2,10,"Rain, Overcast",rain,
"11.0511, 106.7568",2022-07-27T09:00:00,27.3,30.4,23.4,79.14,0,81,rain,0,0,34.9,19.8,257.6,1007,94.5,19.6,283,1,3,10,"Rain, Overcast",rain,
"11.0511, 106.7568",2022-07-27T10:00:00,28.5,32.3,23.6,74.83,1.8,81,rain,0,0,34.6,22.7,257.3,1007,98.2,17.3,416,1.5,4,10,"Rain, Overcast",rain,
"11.0511, 106.7568",2022-07-27T11:00:00,28.3,32.1,23.6,75.71,0,81,rain,0,0,34.3,23.2,257.7,1006.7,98.8,14,450.3,1.6,5,10,"Rain, Overcast",rain,
"11.0511, 106.7568",2022-07-27T12:00:00,28.1,31.9,23.6,76.6,0,81,rain,0,0,34.1,23.6,258,1006.3,99.4,10.6,484.7,1.8,5,10,"Rain, Overcast",rain,
"11.0511, 106.7568",2022-07-27T13:00:00,28,31.6,23.7,77.5,4,81,rain,0,0,33.8,24.1,258.4,1006,100,7.3,519,1.9,5,10,"Rain, Overcast",rain,
"11.0511, 106.7568",2022-07-27T14:00:00,27.1,29.9,23.4,80.23,0,95.2,rain,0,0,37.7,22.9,257.2,1005.7,100,12.9,409.7,1.5,4,10,"Rain, Overcast",rain,
"11.0511, 106.7568",2022-07-27T15:00:00,26.2,26.2,23.1,83.09,0,95.2,rain,0,0,41.5,21.7,256.1,1005.3,100,18.5,300.3,1.1,3,10,"Rain, Overcast",rain,
"11.0511, 106.7568",2022-07-27T16:00:00,25.4,25.4,22.9,86.07,1.6,95.2,rain,0,0,45.4,20.5,254.9,1005,100,24.1,191,0.7,2,10,"Rain, Overcast",rain,
"11.0511, 106.7568",2022-07-27T17:00:00,25.1,25.1,22.6,86.04,0,95.2,rain,0,0,45,19.2,250.1,1005.7,100,24.1,131,0.5,1,10,"Rain, Overcast",rain,
"11.0511, 106.7568",2022-07-27T18:00:00,24.8,24.8,22.3,86.01,0,95.2,rain,0,0,44.6,17.9,245.4,1006.3,100,24.1,71,0.2,1,10,"Rain, Overcast",rain,
"11.0511, 106.7568",2022-07-27T19:00:00,24.6,24.6,22.1,85.99,0,95.2,rain,0,0,44.3,16.6,240.6,1007,100,24.1,11,0,0,10,"Rain, Overcast",rain,
"11.0511, 106.7568",2022-07-27T20:00:00,24.4,24.4,22.3,87.91,0,38.1,,0,0,43.3,15.1,240,1007.7,100,23.3,7.3,0,0,10,Overcast,cloudy,
"11.0511, 106.7568",2022-07-27T21:00:00,24.2,24.2,22.5,89.88,0,38.1,,0,0,42.4,13.7,239.3,1008.3,100,22.4,3.7,0,0,10,Overcast,cloudy,
"11.0511, 106.7568",2022-07-27T22:00:00,24.1,24.1,22.7,91.9,0.1,38.1,rain,0,0,41.4,12.2,238.7,1009,100,21.6,0,,0,10,Overcast,cloudy,
"11.0511, 106.7568",2022-07-27T23:00:00,24.1,24.1,22.7,91.71,0,38.1,,0,0,41.3,12.6,236.4,1008.3,100,22.4,0,,0,10,Overcast,cloudy,
"11.0511, 106.7568",2022-07-28T00:00:00,24.2,24.2,22.7,91.53,0,38.1,,0,0,41.2,13,234,1007.7,100,23.3,0,,0,10,Overcast,cloudy,
"11.0511, 106.7568",2022-07-28T01:00:00,24.3,24.3,22.8,91.35,0.3,38.1,rain,0,0,41,13.3,231.7,1007,100,24.1,0,,0,10,Overcast,cloudy,
"11.0511, 106.7568",2022-07-28T02:00:00,24.1,24.1,22.6,91.34,0,42.9,,0,0,41.5,13.4,234.2,1006.7,100,24.1,0,,0,10,Overcast,cloudy,
"11.0511, 106.7568",2022-07-28T03:00:00,23.9,23.9,22.4,91.33,0,42.9,,0,0,42,13.6,236.8,1006.3,100,24.1,0,,0,10,Overcast,cloudy,
"11.0511, 106.7568",2022-07-28T04:00:00,23.8,23.8,22.3,91.32,0,42.9,,0,0,42.5,13.7,239.3,1006,100,24.1,0,,0,10,Overcast,cloudy,
"11.0511, 106.7568",2022-07-28T05:00:00,23.9,23.9,22.4,91.7,0,42.9,,0,0,42.2,13.3,244.8,1006.3,100,24.1,2.3,0,0,10,Overcast,cloudy,
"11.0511, 106.7568",2022-07-28T06:00:00,23.9,23.9,22.6,92.08,0,42.9,,0,0,42,13,250.2,1006.7,100,24.1,4.7,0,0,10,Overcast,cloudy,
"11.0511, 106.7568",2022-07-28T07:00:00,24.1,24.1,22.8,92.46,0.5,42.9,rain,0,0,41.8,12.6,255.7,1007,100,24.1,7,0,0,10,Overcast,cloudy,
"11.0511, 106.7568",2022-07-28T08:00:00,24.6,24.6,22.7,89.54,0,66.7,rain,0,0,40.8,14.5,257.8,1007.3,100,24.1,45,0.1,0,10,"Rain, Overcast",rain,
"11.0511, 106.7568",2022-07-28T09:00:00,25.1,25.1,22.7,86.74,0,66.7,rain,0,0,39.8,16.4,259.9,1007.7,100,24.1,83,0.3,1,10,"Rain, Overcast",rain,
"11.0511, 106.7568",2022-07-28T10:00:00,25.6,25.6,22.7,84.02,0.2,66.7,rain,0,0,38.9,18.4,262,1008,100,24.1,121,0.4,1,10,"Rain, Overcast",rain,
"11.0511, 106.7568",2022-07-28T11:00:00,25.6,25.6,22.5,83.01,0,66.7,rain,0,0,38.3,18.1,261.3,1007.7,100,24.1,147.7,0.5,1,10,"Rain, Overcast",rain,
"11.0511, 106.7568",2022-07-28T12:00:00,25.6,25.6,22.3,82.01,0,66.7,rain,0,0,37.7,17.9,260.5,1007.3,100,24.1,174.3,0.6,2,10,"Rain, Overcast",rain,
"11.0511, 106.7568",2022-07-28T13:00:00,25.6,25.6,22.1,81.01,0.1,66.7,rain,0,0,37.1,17.6,259.8,1007,100,24.1,201,0.7,2,10,"Rain, Overcast",rain,
"11.0511, 106.7568",2022-07-28T14:00:00,25.7,25.7,22.1,80.7,0,71.4,rain,0,0,35.5,17,260.2,1006.7,100,22.1,156.3,0.5,2,10,"Rain, Overcast",rain,
"11.0511, 106.7568",2022-07-28T15:00:00,25.8,25.8,22.2,80.39,0,71.4,rain,0,0,34,16.4,260.6,1006.3,100,20.2,111.7,0.4,1,10,"Rain, Overcast",rain,
"11.0511, 106.7568",2022-07-28T16:00:00,26,26,22.3,80.08,0.6,71.4,rain,0,0,32.4,15.8,261,1006,100,18.2,67,0.2,1,10,"Rain, Overcast",rain,
"11.0511, 106.7568",2022-07-28T17:00:00,25.6,25.6,22.3,81.68,0,71.4,rain,0,0,26.2,12.7,248.1,1006.7,100,20.2,54.7,0.2,1,10,"Rain, Overcast",rain,
"11.0511, 106.7568",2022-07-28T18:00:00,25.3,25.3,22.3,83.32,0,71.4,rain,0,0,19.9,9.6,235.2,1007.3,100,22.1,42.3,0.1,0,10,"Rain, Overcast",rain,
"11.0511, 106.7568",2022-07-28T19:00:00,25,25,22.3,84.99,0.4,71.4,rain,0,0,13.7,6.5,222.3,1008,100,24.1,30,0.1,0,10,"Rain, Overcast",rain,
"11.0511, 106.7568",2022-07-28T20:00:00,24.8,24.8,21.9,84.11,0,57.1,rain,0,0,13.9,7,227.3,1008.3,100,24.1,20,0.1,0,10,"Rain, Overcast",rain,
"11.0511, 106.7568",2022-07-28T21:00:00,24.7,24.7,21.7,83.25,0,57.1,rain,0,0,14.2,7.4,232.2,1008.7,100,24.1,10,0,0,10,"Rain, Overcast",rain,
"11.0511, 106.7568",2022-07-28T22:00:00,24.6,24.6,21.4,82.39,0,57.1,rain,0,0,14.4,7.9,237.2,1009,100,24.1,0,,0,3,"Rain, Overcast",rain,
"11.0511, 106.7568",2022-07-28T23:00:00,24.2,24.2,21.5,84.91,0,57.1,rain,0,0,11.3,6.8,243.5,1008.3,97.6,19,0,,0,10,"Rain, Overcast",rain,
"11.0511, 106.7568",2022-07-29T00:00:00,23.9,23.9,21.7,87.51,0,57.1,rain,0,0,8.2,5.8,249.9,1007.7,95.1,13.8,0,,0,10,"Rain, Overcast",rain,
"11.0511, 106.7568",2022-07-29T01:00:00,23.6,23.6,21.9,90.2,0.7,57.1,rain,0,0,5,4.7,256.2,1007,92.7,8.7,0,,0,10,"Rain, Overcast",rain,
"11.0511, 106.7568",2022-07-29T02:00:00,23.5,23.5,22.1,91.86,0,38.1,,0,0,4.3,3.8,250.9,1007,95.1,9.2,0,,0,10,Overcast,cloudy,
"11.0511, 106.7568",2022-07-29T03:00:00,23.4,23.4,22.3,93.55,0,38.1,,0,0,3.6,3,245.7,1007,97.6,9.7,0,,0,10,Overcast,cloudy,
"11.0511, 106.7568",2022-07-29T04:00:00,23.4,23.4,22.6,95.27,2.5,38.1,rain,0,0,2.9,2.2,240.4,1007,100,10.2,0,,0,10,Overcast,cloudy,
"11.0511, 106.7568",2022-07-29T05:00:00,23.5,23.5,22.7,95.28,0,38.1,,0,0,3.2,2,255.2,1007.3,95.8,14.8,1.3,0,0,10,Overcast,cloudy,
"11.0511, 106.7568",2022-07-29T06:00:00,23.6,23.6,22.8,95.28,0,38.1,,0,0,3.6,1.9,269.9,1007.7,91.5,19.5,2.7,0,0,10,Overcast,cloudy,
"11.0511, 106.7568",2022-07-29T07:00:00,23.8,23.8,23,95.29,2.2,38.1,rain,0,0,4,1.8,284.7,1008,87.3,24.1,4,0,0,10,Partially cloudy,partly-cloudy-day,
"11.0511, 106.7568",2022-07-29T08:00:00,25.1,25.1,22.7,86.56,0,52.4,rain,0,0,12.7,6.8,280.9,1008.3,69.2,24.1,93,0.3,1,10,"Rain, Partially cloudy",rain,
"11.0511, 106.7568",2022-07-29T09:00:00,26.4,26.4,22.4,78.69,0,52.4,rain,0,0,21.5,11.9,277.2,1008.7,51,24.1,182,0.7,2,10,"Rain, Partially cloudy",rain,
"11.0511, 106.7568",2022-07-29T10:00:00,27.7,30.2,22.1,71.58,0.3,52.4,rain,0,0,30.2,16.9,273.4,1009,32.9,24.1,271,1,3,10,"Rain, Partially cloudy",rain,
"11.0511, 106.7568",2022-07-29T11:00:00,28.4,31.3,22.3,69.7,0,52.4,rain,0,0,28.9,17.9,268.2,1008.3,53.6,20.1,450,1.6,5,10,"Rain, Partially cloudy",rain,
"11.0511, 106.7568",2022-07-29T12:00:00,29.1,32.4,22.5,67.89,0,52.4,rain,0,0,27.6,18.8,262.9,1007.7,74.4,16.1,629,2.3,6,10,"Rain, Partially cloudy",rain,
"11.0511, 106.7568",2022-07-29T13:00:00,29.8,33.6,22.8,66.13,1.5,52.4,rain,0,0,26.3,19.8,257.7,1007,95.1,12.1,808,2.9,8,10,"Rain, Overcast",rain,
"11.0511, 106.7568",2022-07-29T14:00:00,28.7,32.2,22.9,71.05,0,61.9,rain,0,0,26.3,17.4,254.5,1006.3,94.5,16.1,610.7,2.2,6,10,"Rain, Overcast",rain,
"11.0511, 106.7568",2022-07-29T15:00:00,27.6,30.7,23.1,76.37,0,61.9,rain,0,0,26.3,15,251.3,1005.7,94,20.1,413.3,1.5,4,10,"Rain, Overcast",rain,
"11.0511, 106.7568",2022-07-29T16:00:00,26.6,26.6,23.3,82.13,2,61.9,rain,0,0,26.3,12.6,248.1,1005,93.4,24.1,216,0.8,2,10,"Rain, Overcast",rain,
"11.0511, 106.7568",2022-07-29T17:00:00,26.4,26.4,23.3,82.77,0,61.9,rain,0,0,23.2,11.6,239.8,1005.7,95.6,24.1,163.7,0.6,2,10,"Rain, Overcast",rain,
"11.0511, 106.7568",2022-07-29T18:00:00,26.3,26.3,23.3,83.43,0,61.9,rain,0,0,20,10.7,231.4,1006.3,97.8,24.1,111.3,0.4,1,10,"Rain, Overcast",rain,
"11.0511, 106.7568",2022-07-29T19:00:00,26.2,26.2,23.3,84.09,0.9,61.9,rain,0,0,16.9,9.7,223.1,1007,100,24.1,59,0.2,0,10,"Rain, Overcast",rain,
"11.0511, 106.7568",2022-07-29T20:00:00,26,26,23.3,85.26,0,38.1,,0,0,16.9,9.4,222.1,1007.3,100,24.1,39.3,0.1,0,10,Overcast,cloudy,
"11.0511, 106.7568",2022-07-29T21:00:00,25.8,25.8,23.3,86.45,0,38.1,,0,0,16.9,9,221.2,1007.7,100,24.1,19.7,0.1,0,10,Overcast,cloudy,
"11.0511, 106.7568",2022-07-29T22:00:00,25.6,25.6,23.4,87.66,1.3,38.1,rain,0,0,16.9,8.6,220.2,1008,100,24.1,0,,0,10,Overcast,cloudy,
"11.0511, 106.7568",2022-07-29T23:00:00,25.4,25.4,23.3,88.53,0,38.1,,0,0,15.6,7.6,230.9,1007.7,91.6,24.1,0,,0,10,Overcast,cloudy,
"11.0511, 106.7568",2022-07-30T00:00:00,25.2,25.2,23.3,89.41,0,38.1,,0,0,14.3,6.5,241.5,1007.3,83.3,24.1,0,,0,10,Partially cloudy,partly-cloudy-night,
"11.0511, 106.7568",2022-07-30T01:00:00,25,25,23.3,90.3,0,38.1,,0,0,13,5.4,252.2,1007,74.9,24.1,0,,0,10,Partially cloudy,partly-cloudy-night,
"11.0511, 106.7568",2022-07-30T02:00:00,24.7,24.7,23.1,90.47,0,33.3,,0,0,9.8,4.7,251.6,1006.7,51.8,24.1,0,,0,10,Partially cloudy,partly-cloudy-night,
"11.0511, 106.7568",2022-07-30T03:00:00,24.5,24.5,22.9,90.63,0,33.3,,0,0,6.7,4,251,1006.3,28.7,24.1,0,,0,10,Partially cloudy,partly-cloudy-night,
"11.0511, 106.7568",2022-07-30T04:00:00,24.3,24.3,22.7,90.8,0,33.3,,0,0,3.6,3.2,250.4,1006,5.6,24.1,0,,0,10,Clear,clear-night,
"11.0511, 106.7568",2022-07-30T05:00:00,24.8,24.8,22.8,88.66,0,33.3,,0,0,7.1,3.7,251.4,1006.7,37.1,24.1,14.3,0.1,0,10,Partially cloudy,partly-cloudy-night,
"11.0511, 106.7568",2022-07-30T06:00:00,25.3,25.3,22.9,86.58,0,33.3,,0,0,10.6,4.2,252.3,1007.3,68.5,24.1,28.7,0.1,0,10,Partially cloudy,partly-cloudy-day,
"11.0511, 106.7568",2022-07-30T07:00:00,25.8,25.8,23,84.56,0,33.3,,0,0,14,4.7,253.3,1008,100,24.1,43,0.2,0,10,Overcast,cloudy,
"11.0511, 106.7568",2022-07-30T08:00:00,26.9,29.5,23,79.09,0,52.4,rain,0,0,19.9,9.5,257.4,1008,100,24.1,188.3,0.7,2,10,"Rain, Overcast",rain,
"11.0511, 106.7568",2022-07-30T09:00:00,28.1,31.4,23,74.02,0,52.4,rain,0,0,25.8,14.3,261.4,1008,100,24.1,333.7,1.2,3,10,"Rain, Overcast",rain,
"11.0511, 106.7568",2022-07-30T10:00:00,29.3,33.1,23.1,69.31,0,52.4,rain,0,0,31.7,19.1,265.5,1008,100,24.1,479,1.7,5,10,"Rain, Overcast",rain,
"11.0511, 106.7568",2022-07-30T11:00:00,29.9,34,23,66.43,0,52.4,rain,0,0,30.7,19,267.5,1007.3,96.5,24.1,445.3,1.7,4,10,"Rain, Overcast",rain,
"11.0511, 106.7568",2022-07-30T12:00:00,30.6,34.9,22.9,63.68,0,52.4,rain,0,0,29.8,18.8,269.5,1006.7,93.1,24.1,411.7,1.5,4,10,"Rain, Overcast",rain,
"11.0511, 106.7568",2022-07-30T13:00:00,31.3,35.7,22.9,61.06,0.1,52.4,rain,0,0,28.8,18.7,271.5,1006,89.6,24.1,378,1.4,4,30,"Rain, Partially cloudy",rain,
"11.0511, 106.7568",2022-07-30T14:00:00,30.9,35.3,23.1,63.23,0,57.1,rain,0,0,28.3,17.6,263.6,1005.3,84.8,24.1,391,1.4,4,30,"Rain, Partially cloudy",rain,
"11.0511, 106.7568",2022-07-30T15:00:00,30.4,35,23.3,65.48,0,57.1,rain,0,0,27.8,16.6,255.7,1004.7,79.9,24.1,404,1.5,4,30,"Rain, Partially cloudy",rain,
"11.0511, 106.7568",2022-07-30T16:00:00,30.1,34.6,23.5,67.81,1.4,57.1,rain,0,0,27.4,15.5,247.8,1004,75.1,24.1,417,1.5,4,30,"Rain, Partially cloudy",rain,
"11.0511, 106.7568",2022-07-30T17:00:00,29,33.1,23.4,71.68,0,57.1,rain,0,0,29,15.2,239.2,1004.3,79.4,24.1,321.7,1.2,3,30,"Rain, Partially cloudy",rain,
"11.0511, 106.7568",2022-07-30T18:00:00,28,31.4,23.3,75.81,0,57.1,rain,0,0,30.7,15,230.6,1004.7,83.8,24.1,226.3,0.8,2,30,"Rain, Partially cloudy",rain,
"11.0511, 106.7568",2022-07-30T19:00:00,27,29.6,23.3,80.22,1.3,57.1,rain,0,0,32.4,14.8,222,1005,88.1,24.1,131,0.5,0,10,"Rain, Partially cloudy",rain,
"11.0511, 106.7568",2022-07-30T20:00:00,26.8,29.3,23.3,81.16,0,28.6,,0,0,30.6,13.7,226.3,1005.7,85,24.1,87.3,0.3,0,10,Partially cloudy,partly-cloudy-night,
"11.0511, 106.7568",2022-07-30T21:00:00,26.6,26.6,23.3,82.13,0,28.6,,0,0,28.8,12.6,230.7,1006.3,81.9,24.1,43.7,0.2,0,10,Partially cloudy,partly-cloudy-night,
"11.0511, 106.7568",2022-07-30T22:00:00,26.4,26.4,23.3,83.1,0,28.6,,0,0,27,11.5,235,1007,78.8,24.1,0,,0,10,Partially cloudy,partly-cloudy-night,
"11.0511, 106.7568",2022-07-30T23:00:00,26,26,23.1,84.07,0,28.6,,0,0,22.7,10.1,238.2,1006.3,74.3,24.1,0,,0,10,Partially cloudy,partly-cloudy-night,
"11.0511, 106.7568",2022-07-31T00:00:00,25.6,25.6,22.9,85.06,0,28.6,,0,0,18.4,8.6,241.3,1005.7,69.9,24.1,0,,0,10,Partially cloudy,partly-cloudy-night,
"11.0511, 106.7568",2022-07-31T01:00:00,25.3,25.3,22.8,86.06,0,28.6,,0,0,14,7.2,244.5,1005,65.4,24.1,0,,0,10,Partially cloudy,partly-cloudy-night,
"11.0511, 106.7568",2022-07-31T02:00:00,25.1,25.1,22.7,86.57,0,23.8,,0,0,11.2,6.4,245.4,1004.7,60.9,24.1,0,,0,10,Partially cloudy,partly-cloudy-night,
"11.0511, 106.7568",2022-07-31T03:00:00,25,25,22.7,87.08,0,23.8,,0,0,8.3,5.5,246.3,1004.3,56.4,24.1,0,,0,10,Partially cloudy,partly-cloudy-night,
"11.0511, 106.7568",2022-07-31T04:00:00,24.9,24.9,22.7,87.6,0,23.8,,0,0,5.4,4.7,247.2,1004,51.9,24.1,0,,0,10,Partially cloudy,partly-cloudy-night,
"11.0511, 106.7568",2022-07-31T05:00:00,25.5,25.5,22.9,85.73,0,23.8,,0,0,13.8,6.2,249.5,1004.7,63.8,24.1,19,0.1,0,10,Partially cloudy,partly-cloudy-night,
"11.0511, 106.7568",2022-07-31T06:00:00,26.1,26.1,23.1,83.91,0,23.8,,0,0,22.2,7.8,251.7,1005.3,75.7,24.1,38,0.1,0,10,Partially cloudy,partly-cloudy-day,
"11.0511, 106.7568",2022-07-31T07:00:00,26.7,26.7,23.4,82.14,0,23.8,,0,0,30.6,9.4,254,1006,87.6,24.1,57,0.2,1,10,Partially cloudy,partly-cloudy-day,
"11.0511, 106.7568",2022-07-31T08:00:00,27.7,30.9,23.3,77,0,33.3,,0,0,31.1,14.2,258.3,1006,87.6,21.7,234.7,0.8,2,10,Partially cloudy,partly-cloudy-day,
"11.0511, 106.7568",2022-07-31T09:00:00,28.7,32.5,23.2,72.21,0,33.3,,0,0,31.6,19,262.7,1006,87.5,19.3,412.3,1.5,4,10,Partially cloudy,partly-cloudy-day,
"11.0511, 106.7568",2022-07-31T10:00:00,29.8,33.9,23.2,67.75,0.9,33.3,rain,0,0,32,23.8,267,1006,87.5,16.9,590,2.1,6,10,Partially cloudy,partly-cloudy-day,
"11.0511, 106.7568",2022-07-31T11:00:00,29.9,34.3,23.3,67.65,0,33.3,,0,0,29.8,21,255.6,1005.3,91.7,13.4,637.3,2.3,6,10,Overcast,cloudy,
"11.0511, 106.7568",2022-07-31T12:00:00,30.1,34.6,23.4,67.54,0,33.3,,0,0,27.5,18.2,244.1,1004.7,95.8,10,684.7,2.4,7,30,Overcast,cloudy,
"11.0511, 106.7568",2022-07-31T13:00:00,30.3,35,23.6,67.44,2.3,33.3,rain,0,0,25.2,15.5,232.7,1004,100,6.5,732,2.6,7,30,Overcast,cloudy,
"11.0511, 106.7568",2022-07-31T14:00:00,30,34.6,23.4,67.94,0,47.6,rain,0,0,28.6,18.2,231.5,1003.7,93.3,12.4,584,2.1,6,30,"Rain, Overcast",rain,
"11.0511, 106.7568",2022-07-31T15:00:00,29.8,34.2,23.4,68.44,0,47.6,rain,0,0,31.9,21,230.2,1003.3,86.7,18.2,436,1.5,4,30,"Rain, Partially cloudy",rain,
"11.0511, 106.7568",2022-07-31T16:00:00,29.6,33.7,23.3,68.95,3,47.6,rain,0,0,35.3,23.8,229,1003,80,24.1,288,1,3,10,"Rain, Partially cloudy",rain,
"11.0511, 106.7568",2022-07-31T17:00:00,28.6,32.1,23,72.03,0,47.6,rain,0,0,35.3,21.4,229.3,1003.7,86.7,24.1,213.3,0.7,2,10,"Rain, Partially cloudy",rain,
"11.0511, 106.7568",2022-07-31T18:00:00,27.6,30.4,22.8,75.29,0,47.6,rain,0,0,35.3,19,229.5,1004.3,93.3,24.1,138.7,0.5,1,10,"Rain, Overcast",rain,
"11.0511, 106.7568",2022-07-31T19:00:00,26.6,26.6,22.6,78.72,0.3,47.6,rain,0,0,35.3,16.6,229.8,1005,100,24.1,64,0.2,0,10,"Rain, Overcast",rain,
"11.0511, 106.7568",2022-07-31T20:00:00,26.2,26.2,22.7,80.93,0,28.6,,0,0,31.2,13.7,223.3,1005.7,96.8,24.1,42.7,0.2,0,10,Overcast,cloudy,
"11.0511, 106.7568",2022-07-31T21:00:00,25.9,25.9,22.8,83.22,0,28.6,,0,0,27.1,10.8,216.8,1006.3,93.7,24.1,21.3,0.1,0,10,Overcast,cloudy,
"11.0511, 106.7568",2022-07-31T22:00:00,25.6,25.6,23,85.57,0,28.6,,0,0,23,7.9,210.3,1007,90.5,24.1,0,,0,10,Overcast,cloudy,
"11.0511, 106.7568",2022-07-31T23:00:00,25.5,25.5,23,86.25,0,28.6,,0,0,16.9,6.8,211.2,1006.7,93.7,24.1,0,,0,10,Overcast,cloudy,
